epoch,time,train/box_loss,train/cls_loss,train/dfl_loss,metrics/precision(B),metrics/recall(B),metrics/mAP50(B),metrics/mAP50-95(B),val/box_loss,val/cls_loss,val/dfl_loss,lr/pg0,lr/pg1,lr/pg2
1,17.9724,3.04873,4.82594,1.40784,0,0,0,0,2.76905,4.9425,1.30101,0.000176067,0.000176067,0.000176067
2,24.3537,2.74425,4.16697,1.18728,0.04465,0.09989,0.00725,0.00276,2.57351,4.71901,1.22525,0.000360207,0.000360207,0.000360207
3,26.8518,2.71763,3.46241,1.17515,0.01586,0.27036,0.03767,0.01145,2.61288,4.32784,1.24364,0.000543125,0.000543125,0.000543125
4,29.3615,2.73035,2.91573,1.15181,0.04076,0.46841,0.11143,0.02608,2.62532,3.67056,1.23802,0.000550496,0.000550496,0.000550496
5,31.8977,2.65421,2.64917,1.13917,0.03925,0.58537,0.15724,0.06868,2.60702,3.14975,1.29464,0.000548661,0.000548661,0.000548661
6,34.4636,2.63728,2.44809,1.12479,0.3189,0.19342,0.18101,0.0602,2.49784,2.70229,1.2393,0.000546826,0.000546826,0.000546826
7,37.1477,2.58738,2.27783,1.13093,0.38021,0.25525,0.20453,0.08179,2.47333,2.37594,1.23305,0.000544991,0.000544991,0.000544991
8,39.7655,2.6033,2.17456,1.1052,0.42775,0.31336,0.24343,0.09581,2.46702,2.28728,1.23172,0.000543156,0.000543156,0.000543156
9,42.3685,2.52073,2.12538,1.12567,0.48881,0.28641,0.23758,0.094,2.4159,2.15057,1.20791,0.000541322,0.000541322,0.000541322
10,44.8832,2.52167,2.06504,1.09035,0.47851,0.27936,0.24869,0.09878,2.40562,2.14651,1.20192,0.000539487,0.000539487,0.000539487
11,47.4814,2.48364,2.03148,1.10007,0.43141,0.23822,0.20586,0.08128,2.49474,2.25977,1.21181,0.000537652,0.000537652,0.000537652
12,50.0749,2.44932,2.06126,1.10613,0.46904,0.304,0.23972,0.08808,2.42538,2.10639,1.2221,0.000535817,0.000535817,0.000535817
13,52.5798,2.41554,1.99286,1.09051,0.42364,0.30937,0.25063,0.09408,2.3871,2.10017,1.21591,0.000533982,0.000533982,0.000533982
14,55.1277,2.45644,1.98386,1.08687,0.28954,0.35472,0.25373,0.09944,2.39441,2.07064,1.21459,0.000532148,0.000532148,0.000532148
15,57.9033,2.42996,1.90903,1.06759,0.32574,0.35827,0.24622,0.10213,2.40067,2.1106,1.22386,0.000530313,0.000530313,0.000530313
16,60.6327,2.38066,1.9214,1.09521,0.26976,0.33251,0.2652,0.10231,2.42951,2.04397,1.23729,0.000528478,0.000528478,0.000528478
17,63.1828,2.39185,1.89793,1.07414,0.50879,0.30465,0.31042,0.11737,2.37534,2.00572,1.22642,0.000526643,0.000526643,0.000526643
18,65.6624,2.40182,2.0641,1.10461,0.56768,0.30292,0.28937,0.11094,2.35208,2.00927,1.2012,0.000524808,0.000524808,0.000524808
19,68.1926,2.39325,1.87568,1.07735,0.33148,0.4204,0.34336,0.15065,2.37552,2.01886,1.2219,0.000522974,0.000522974,0.000522974
20,70.8748,2.38656,1.83754,1.05776,0.46399,0.35897,0.33102,0.12859,2.36285,1.97058,1.19804,0.000521139,0.000521139,0.000521139
21,73.3965,2.36859,1.81334,1.06533,0.32499,0.38529,0.34171,0.14726,2.37201,1.99475,1.209,0.000519304,0.000519304,0.000519304
22,75.8568,2.34952,1.75836,1.04662,0.53913,0.26052,0.24568,0.0996,2.38081,1.97035,1.18867,0.000517469,0.000517469,0.000517469
23,78.3672,2.31765,1.81472,1.04721,0.37091,0.39194,0.36245,0.15696,2.31902,1.89338,1.19061,0.000515634,0.000515634,0.000515634
24,80.9032,2.34112,1.75679,1.05875,0.31183,0.48245,0.34181,0.14611,2.30609,1.94045,1.18936,0.0005138,0.0005138,0.0005138
25,83.4204,2.32037,1.77454,1.06158,0.45027,0.28432,0.29612,0.11426,2.3419,1.9647,1.17475,0.000511965,0.000511965,0.000511965
26,85.9211,2.29731,1.71214,1.06938,0.53492,0.31827,0.28518,0.1186,2.36069,1.93772,1.19318,0.00051013,0.00051013,0.00051013
27,88.4688,2.34922,1.72734,1.06029,0.47003,0.36911,0.33939,0.13047,2.34178,1.86707,1.21938,0.000508295,0.000508295,0.000508295
28,91.0326,2.2985,1.72516,1.08079,0.381,0.40002,0.37676,0.15809,2.39169,1.95489,1.21908,0.00050646,0.00050646,0.00050646
29,93.5242,2.30103,1.69647,1.0438,0.54429,0.37049,0.36264,0.15904,2.40421,1.95922,1.21598,0.000504626,0.000504626,0.000504626
30,96.0103,2.31048,1.71245,1.06404,0.45288,0.46183,0.38933,0.16185,2.33099,1.84159,1.20443,0.000502791,0.000502791,0.000502791
31,98.5242,2.22741,1.6437,1.05316,0.36606,0.38803,0.34853,0.13968,2.37509,1.91784,1.20967,0.000500956,0.000500956,0.000500956
32,100.944,2.27379,1.64122,1.04341,0.3556,0.42634,0.36899,0.16501,2.34778,1.8773,1.19608,0.000499121,0.000499121,0.000499121
33,103.413,2.30028,1.69457,1.05215,0.38321,0.37983,0.35739,0.14255,2.31547,1.842,1.2016,0.000497286,0.000497286,0.000497286
34,105.877,2.29368,1.64614,1.0432,0.49341,0.34261,0.32682,0.13007,2.30105,1.91056,1.17298,0.000495452,0.000495452,0.000495452
35,108.227,2.29442,1.63332,1.04881,0.52742,0.36131,0.35513,0.1453,2.31568,1.82253,1.19297,0.000493617,0.000493617,0.000493617
36,110.741,2.25834,1.65893,1.04897,0.46037,0.42117,0.40411,0.18135,2.28342,1.84224,1.17131,0.000491782,0.000491782,0.000491782
37,113.238,2.28754,1.62488,1.02929,0.40939,0.40092,0.39488,0.15161,2.34642,1.83784,1.1862,0.000489947,0.000489947,0.000489947
38,115.861,2.25432,1.59165,1.03773,0.46315,0.38242,0.37946,0.16802,2.31866,1.79886,1.18843,0.000488112,0.000488112,0.000488112
39,118.47,2.22887,1.61006,1.02453,0.36009,0.40882,0.39563,0.17121,2.31827,1.82582,1.17356,0.000486278,0.000486278,0.000486278
40,121.011,2.26879,1.62265,1.03424,0.5349,0.37446,0.40919,0.18309,2.36346,1.82023,1.20491,0.000484443,0.000484443,0.000484443
41,123.843,2.24031,1.60121,1.05,0.37838,0.43478,0.41686,0.18353,2.30141,1.81626,1.1983,0.000482608,0.000482608,0.000482608
42,126.421,2.25268,1.56712,1.02158,0.43025,0.40851,0.41278,0.17842,2.32793,1.77698,1.21364,0.000480773,0.000480773,0.000480773
43,128.955,2.21642,1.52026,1.02491,0.47936,0.42291,0.41497,0.18993,2.32294,1.79383,1.20138,0.000478938,0.000478938,0.000478938
44,131.52,2.21409,1.56332,1.04174,0.3822,0.43868,0.36461,0.16516,2.34725,1.78995,1.18697,0.000477104,0.000477104,0.000477104
45,134.084,2.23764,1.5411,1.01731,0.41821,0.37223,0.33345,0.1408,2.35543,1.82074,1.23195,0.000475269,0.000475269,0.000475269
46,136.69,2.15192,1.49326,1.03329,0.50218,0.32569,0.31915,0.12374,2.35833,1.80944,1.21917,0.000473434,0.000473434,0.000473434
47,139.212,2.18365,1.49646,1.03226,0.496,0.34897,0.34083,0.14113,2.33518,1.85572,1.19213,0.000471599,0.000471599,0.000471599
48,141.747,2.22579,1.51498,1.03146,0.40395,0.42223,0.37172,0.15308,2.3276,1.89029,1.18141,0.000469764,0.000469764,0.000469764
49,144.277,2.19938,1.49347,1.02611,0.39095,0.40443,0.38897,0.15972,2.32346,1.79559,1.19334,0.00046793,0.00046793,0.00046793
50,146.805,2.19496,1.47746,1.02454,0.37997,0.43978,0.40555,0.15288,2.35026,1.76903,1.19561,0.000466095,0.000466095,0.000466095
51,149.311,2.14677,1.47826,1.01812,0.49436,0.44076,0.42012,0.17084,2.31262,1.80193,1.17693,0.00046426,0.00046426,0.00046426
52,151.804,2.19263,1.43755,1.00564,0.45817,0.41834,0.39071,0.15181,2.34942,1.83076,1.206,0.000462425,0.000462425,0.000462425
53,154.313,2.16246,1.45004,1.00997,0.44352,0.45678,0.40853,0.1725,2.3155,1.87928,1.19304,0.00046059,0.00046059,0.00046059
54,157.074,2.13749,1.43537,1.01565,0.39456,0.44819,0.37427,0.17067,2.32772,1.8054,1.18075,0.000458756,0.000458756,0.000458756
55,159.545,2.18688,1.45792,1.01228,0.4674,0.46814,0.40978,0.20059,2.34747,1.80613,1.18271,0.000456921,0.000456921,0.000456921
56,162.05,2.17116,1.48766,1.03004,0.42456,0.41327,0.41288,0.18824,2.36379,1.80556,1.20202,0.000455086,0.000455086,0.000455086
57,164.53,2.22638,1.42197,0.98674,0.5375,0.35485,0.3497,0.13963,2.38041,1.86108,1.19724,0.000453251,0.000453251,0.000453251
58,166.98,2.19954,1.47597,1.029,0.48382,0.38582,0.37135,0.13851,2.36027,1.82026,1.21246,0.000451416,0.000451416,0.000451416
59,169.521,2.15223,1.45533,1.01356,0.37635,0.47442,0.38432,0.16682,2.36546,1.76332,1.21928,0.000449582,0.000449582,0.000449582
60,171.95,2.13871,1.44472,1.01808,0.44582,0.44535,0.45696,0.20137,2.30153,1.70108,1.18636,0.000447747,0.000447747,0.000447747
61,174.439,2.15032,1.39182,0.99375,0.52316,0.37149,0.43451,0.20067,2.33728,1.75911,1.18033,0.000445912,0.000445912,0.000445912
62,176.996,2.18516,1.43034,1.00143,0.52384,0.39007,0.43452,0.19475,2.32256,1.75844,1.21356,0.000444077,0.000444077,0.000444077
63,179.556,2.09441,1.34171,1.00142,0.56057,0.40307,0.46882,0.21381,2.32024,1.78448,1.19365,0.000442242,0.000442242,0.000442242
64,182.113,2.09074,1.36398,1.01307,0.49196,0.39187,0.40706,0.1664,2.33704,1.78775,1.19811,0.000440408,0.000440408,0.000440408
65,184.547,2.17838,1.38886,1.00272,0.43013,0.42931,0.4194,0.16902,2.36986,1.71778,1.21589,0.000438573,0.000438573,0.000438573
66,187.052,2.13291,1.36846,1.00175,0.48759,0.40997,0.37486,0.15772,2.42214,1.78617,1.24207,0.000436738,0.000436738,0.000436738
67,189.577,2.07481,1.3992,1.01869,0.42749,0.44003,0.39064,0.16339,2.34147,1.7884,1.22186,0.000434903,0.000434903,0.000434903
68,192.239,2.05221,1.37622,1.01736,0.39505,0.4704,0.4165,0.19383,2.31672,1.71359,1.20933,0.000433068,0.000433068,0.000433068
69,194.759,2.09492,1.36429,0.99471,0.35026,0.60609,0.44827,0.20745,2.35163,1.76098,1.2048,0.000431234,0.000431234,0.000431234
70,197.208,2.11848,1.36989,1.00729,0.3259,0.52492,0.43177,0.18172,2.33417,1.69009,1.19091,0.000429399,0.000429399,0.000429399
71,199.757,2.10099,1.34736,1.00829,0.45619,0.45359,0.44759,0.1946,2.33127,1.68883,1.18785,0.000427564,0.000427564,0.000427564
72,202.285,2.11342,1.33106,0.98953,0.42158,0.41,0.40686,0.18497,2.3571,1.73455,1.19518,0.000425729,0.000425729,0.000425729
73,204.789,2.07766,1.38334,1.01431,0.47827,0.41022,0.3925,0.18154,2.37135,1.81223,1.21379,0.000423894,0.000423894,0.000423894
74,207.311,2.08554,1.32157,0.98954,0.37142,0.50619,0.42839,0.16236,2.37129,1.7665,1.21233,0.00042206,0.00042206,0.00042206
75,209.812,2.07899,1.33487,1.00195,0.50534,0.39043,0.38275,0.14939,2.39447,1.77481,1.21376,0.000420225,0.000420225,0.000420225
76,212.405,2.07201,1.30459,0.98405,0.51731,0.33807,0.36316,0.14031,2.3817,1.78071,1.21316,0.00041839,0.00041839,0.00041839
77,215.041,2.09636,1.3411,0.99943,0.33579,0.48528,0.40015,0.16446,2.39144,1.77349,1.21309,0.000416555,0.000416555,0.000416555
78,217.57,2.02694,1.28874,0.98294,0.4296,0.50754,0.45679,0.212,2.39094,1.7025,1.21022,0.00041472,0.00041472,0.00041472
79,220.061,2.05425,1.28463,0.99349,0.48477,0.47419,0.46442,0.20451,2.3667,1.70586,1.21835,0.000412886,0.000412886,0.000412886
80,222.544,2.06584,1.28728,0.99711,0.41293,0.46195,0.44143,0.19361,2.37361,1.76484,1.22665,0.000411051,0.000411051,0.000411051
81,225.163,2.07313,1.29589,0.98726,0.47935,0.4198,0.40171,0.17125,2.37945,1.7785,1.23382,0.000409216,0.000409216,0.000409216
82,227.829,2.08888,1.30221,0.99148,0.53594,0.33664,0.40681,0.17349,2.4181,1.84625,1.24061,0.000407381,0.000407381,0.000407381
83,230.533,1.99979,1.23769,0.98976,0.55046,0.41165,0.46791,0.20733,2.34744,1.70993,1.22987,0.000405546,0.000405546,0.000405546
84,232.972,2.05645,1.30316,0.98845,0.47297,0.41458,0.43069,0.19932,2.35459,1.7217,1.21103,0.000403712,0.000403712,0.000403712
85,235.472,2.04823,1.27848,0.9895,0.46357,0.49529,0.47344,0.20524,2.35606,1.69998,1.20732,0.000401877,0.000401877,0.000401877
86,238.046,2.01647,1.29059,0.99498,0.49269,0.4946,0.47563,0.20928,2.35473,1.71592,1.21903,0.000400042,0.000400042,0.000400042
87,240.548,2.10651,1.28929,0.99342,0.53831,0.46865,0.47276,0.21926,2.32722,1.70121,1.21824,0.000398207,0.000398207,0.000398207
88,243.235,2.04246,1.30661,0.99165,0.54031,0.41097,0.47548,0.19748,2.35323,1.693,1.22777,0.000396372,0.000396372,0.000396372
89,245.797,2.04527,1.26001,0.99202,0.51868,0.47585,0.47173,0.24023,2.3587,1.72155,1.22598,0.000394538,0.000394538,0.000394538
90,248.327,2.06139,1.28714,0.97901,0.40321,0.5116,0.43244,0.19392,2.37236,1.72971,1.23174,0.000392703,0.000392703,0.000392703
91,250.866,2.03642,1.24906,0.97105,0.47049,0.42411,0.4218,0.17637,2.40285,1.72902,1.23156,0.000390868,0.000390868,0.000390868
92,253.39,2.03185,1.2382,0.97143,0.41629,0.4536,0.38326,0.17243,2.43212,1.81,1.22451,0.000389033,0.000389033,0.000389033
93,256.006,2.00497,1.25483,0.97583,0.48372,0.44079,0.39814,0.17916,2.40266,1.79153,1.22941,0.000387198,0.000387198,0.000387198
94,258.592,2.01314,1.23099,0.97673,0.46185,0.4802,0.45136,0.19867,2.39912,1.76063,1.24924,0.000385364,0.000385364,0.000385364
95,261.332,2.01149,1.20019,0.97637,0.5365,0.56886,0.5041,0.20642,2.41585,1.82525,1.24769,0.000383529,0.000383529,0.000383529
96,263.855,2.03205,1.20723,0.97186,0.5032,0.52668,0.47949,0.21453,2.37602,1.73008,1.25031,0.000381694,0.000381694,0.000381694
97,266.244,2.0497,1.22646,0.97954,0.43856,0.47137,0.42917,0.15967,2.4116,1.72707,1.25673,0.000379859,0.000379859,0.000379859
98,268.767,1.9929,1.19719,0.97693,0.50038,0.43645,0.44581,0.19443,2.38996,1.78036,1.2182,0.000378024,0.000378024,0.000378024
99,271.238,2.03764,1.23051,0.97197,0.49597,0.41608,0.43839,0.19078,2.38906,1.75872,1.23,0.00037619,0.00037619,0.00037619
100,273.765,2.04352,1.19523,0.96627,0.45046,0.45648,0.44001,0.20211,2.37343,1.76544,1.21871,0.000374355,0.000374355,0.000374355
101,276.254,2.01335,1.19811,0.98725,0.49078,0.49838,0.48289,0.2375,2.3627,1.72335,1.22087,0.00037252,0.00037252,0.00037252
102,278.769,1.98535,1.19348,0.96469,0.47637,0.49575,0.47655,0.23593,2.35635,1.70081,1.22287,0.000370685,0.000370685,0.000370685
103,281.331,1.94323,1.17665,0.99517,0.49253,0.45988,0.45768,0.226,2.39123,1.69112,1.23043,0.00036885,0.00036885,0.00036885
104,283.863,1.98196,1.177,0.96601,0.44165,0.49849,0.44582,0.21472,2.4001,1.7364,1.22482,0.000367016,0.000367016,0.000367016
105,286.354,1.9131,1.20235,0.99235,0.43992,0.51146,0.43615,0.21191,2.39449,1.75329,1.23012,0.000365181,0.000365181,0.000365181
106,288.927,2.0122,1.18623,0.96391,0.45016,0.45555,0.41892,0.19161,2.36499,1.7051,1.22769,0.000363346,0.000363346,0.000363346
107,291.435,1.94859,1.17496,0.97994,0.47605,0.45514,0.41854,0.19614,2.3933,1.71059,1.2405,0.000361511,0.000361511,0.000361511
108,294.214,1.96542,1.15443,0.97005,0.48543,0.482,0.4592,0.21261,2.39974,1.7241,1.23229,0.000359676,0.000359676,0.000359676
109,296.769,1.96381,1.16099,0.97015,0.51617,0.5173,0.4771,0.20391,2.45204,1.75402,1.24302,0.000357842,0.000357842,0.000357842
110,299.313,1.95745,1.14581,0.95899,0.52019,0.53722,0.50838,0.22949,2.41155,1.77569,1.23562,0.000356007,0.000356007,0.000356007
111,301.858,1.9587,1.16133,0.94412,0.49805,0.53593,0.48382,0.20492,2.418,1.75633,1.23702,0.000354172,0.000354172,0.000354172
112,304.41,1.93602,1.12747,0.96522,0.48121,0.53028,0.49669,0.20689,2.39778,1.72522,1.22493,0.000352337,0.000352337,0.000352337
113,306.895,1.958,1.14276,0.96516,0.48101,0.5133,0.46164,0.21012,2.37889,1.79291,1.23243,0.000350502,0.000350502,0.000350502
114,309.389,1.93458,1.13523,0.95914,0.50202,0.51011,0.49995,0.23682,2.38297,1.69104,1.24877,0.000348668,0.000348668,0.000348668
115,311.948,1.98732,1.16062,0.94834,0.46507,0.50149,0.44814,0.19637,2.43254,1.77854,1.25835,0.000346833,0.000346833,0.000346833
116,314.461,1.89916,1.11305,0.95148,0.4346,0.47151,0.45778,0.20896,2.38451,1.74456,1.22744,0.000344998,0.000344998,0.000344998
117,316.906,1.91466,1.10933,0.9506,0.43899,0.49497,0.46583,0.23741,2.38984,1.71672,1.22568,0.000343163,0.000343163,0.000343163
118,319.356,1.92657,1.17195,0.96418,0.46267,0.49342,0.45355,0.21917,2.42435,1.73442,1.23625,0.000341328,0.000341328,0.000341328
119,321.848,1.9532,1.14935,0.95904,0.47615,0.52105,0.46639,0.23561,2.41877,1.74628,1.24156,0.000339494,0.000339494,0.000339494
120,324.342,2.00442,1.14809,0.95056,0.40981,0.4762,0.44935,0.21808,2.43117,1.7271,1.24783,0.000337659,0.000337659,0.000337659
121,326.869,1.95544,1.10773,0.95181,0.41334,0.57591,0.47202,0.22963,2.42241,1.79091,1.24531,0.000335824,0.000335824,0.000335824
122,329.651,1.938,1.15389,0.95168,0.49955,0.52951,0.49493,0.24745,2.416,1.73053,1.25701,0.000333989,0.000333989,0.000333989
123,332.165,1.90108,1.09349,0.958,0.58275,0.46731,0.49905,0.24419,2.4244,1.71756,1.25303,0.000332154,0.000332154,0.000332154
124,334.715,1.92588,1.10612,0.94078,0.47368,0.5267,0.49564,0.23424,2.39176,1.78921,1.23286,0.00033032,0.00033032,0.00033032
125,337.19,1.95605,1.08813,0.9373,0.4998,0.49862,0.4677,0.21657,2.40808,1.74533,1.23817,0.000328485,0.000328485,0.000328485
126,339.756,1.91807,1.11758,0.94402,0.46388,0.4669,0.45402,0.21903,2.39622,1.77859,1.24109,0.00032665,0.00032665,0.00032665
127,342.326,1.88969,1.0742,0.94548,0.48942,0.48808,0.44829,0.21212,2.40871,1.73129,1.235,0.000324815,0.000324815,0.000324815
128,344.842,1.93151,1.11997,0.93968,0.46245,0.48652,0.46686,0.22337,2.42422,1.69095,1.24739,0.00032298,0.00032298,0.00032298
129,347.39,1.91198,1.10932,0.9444,0.47271,0.45034,0.46567,0.21568,2.44038,1.76165,1.26502,0.000321146,0.000321146,0.000321146
130,350.058,1.89596,1.07829,0.95042,0.44407,0.52263,0.45162,0.20411,2.42768,1.76249,1.24979,0.000319311,0.000319311,0.000319311
131,352.591,1.88346,1.08398,0.93895,0.50135,0.47127,0.46737,0.21635,2.39395,1.75486,1.23424,0.000317476,0.000317476,0.000317476
132,355.082,1.89712,1.09141,0.9366,0.52121,0.45172,0.49044,0.23392,2.42607,1.7515,1.2599,0.000315641,0.000315641,0.000315641
133,357.503,1.89148,1.09121,0.94676,0.42483,0.53081,0.46203,0.20446,2.42657,1.77498,1.25789,0.000313806,0.000313806,0.000313806
134,359.856,1.9273,1.13648,0.95963,0.44703,0.5343,0.4613,0.21654,2.42565,1.76547,1.25698,0.000311972,0.000311972,0.000311972
135,362.437,1.87832,1.07408,0.94008,0.46431,0.50769,0.46356,0.21807,2.41008,1.69426,1.23789,0.000310137,0.000310137,0.000310137
136,365.105,1.92807,1.07907,0.94412,0.51589,0.543,0.51561,0.24479,2.42542,1.72327,1.2565,0.000308302,0.000308302,0.000308302
137,367.657,1.85875,1.05942,0.93925,0.46439,0.54221,0.49296,0.24062,2.41002,1.69901,1.23801,0.000306467,0.000306467,0.000306467
138,370.19,1.8568,1.05545,0.93696,0.44287,0.54019,0.46619,0.22429,2.43108,1.73565,1.25435,0.000304632,0.000304632,0.000304632
139,372.71,1.89576,1.08899,0.93795,0.42377,0.3906,0.38709,0.15949,2.44226,1.75684,1.25064,0.000302798,0.000302798,0.000302798
140,375.209,1.8677,1.09724,0.93884,0.49744,0.45019,0.43267,0.1731,2.43855,1.73593,1.26991,0.000300963,0.000300963,0.000300963
141,377.768,1.86973,1.09937,0.94874,0.49619,0.49975,0.48188,0.2161,2.41959,1.68832,1.2682,0.000299128,0.000299128,0.000299128
142,380.311,1.88472,1.04689,0.94109,0.41243,0.47658,0.44612,0.2083,2.40883,1.66507,1.27218,0.000297293,0.000297293,0.000297293
143,382.819,1.88523,1.06901,0.95634,0.50171,0.49355,0.48012,0.2263,2.39985,1.71578,1.25434,0.000295458,0.000295458,0.000295458
144,385.375,1.84821,1.04027,0.93489,0.50116,0.48076,0.47903,0.22335,2.41563,1.72791,1.25449,0.000293624,0.000293624,0.000293624
145,387.943,1.83776,1.03661,0.93344,0.42257,0.56209,0.48097,0.21159,2.42395,1.71244,1.25779,0.000291789,0.000291789,0.000291789
146,390.449,1.84364,1.01775,0.92077,0.50572,0.4959,0.4728,0.2171,2.40923,1.75533,1.25217,0.000289954,0.000289954,0.000289954
147,392.862,1.8652,1.03328,0.93534,0.47347,0.49524,0.46888,0.21194,2.41404,1.70091,1.2494,0.000288119,0.000288119,0.000288119
148,395.46,1.85813,1.02055,0.93249,0.53091,0.41634,0.44778,0.20532,2.43528,1.75402,1.24594,0.000286284,0.000286284,0.000286284
149,398.11,1.85752,1.03058,0.92301,0.43984,0.44928,0.43477,0.20067,2.43856,1.72901,1.25461,0.00028445,0.00028445,0.00028445
150,400.722,1.83825,1.03607,0.93517,0.47154,0.48088,0.42388,0.1824,2.42493,1.73364,1.25053,0.000282615,0.000282615,0.000282615
151,403.222,1.83948,1.02829,0.931,0.53133,0.43147,0.43744,0.19684,2.42118,1.72349,1.25309,0.00028078,0.00028078,0.00028078
152,405.767,1.79539,1.05882,0.9341,0.4321,0.47162,0.44922,0.21779,2.41023,1.74784,1.25911,0.000278945,0.000278945,0.000278945
153,408.25,1.80816,0.9929,0.92496,0.56646,0.50808,0.50243,0.24653,2.42791,1.69401,1.27022,0.00027711,0.00027711,0.00027711
154,410.774,1.79809,0.99763,0.92661,0.56219,0.49007,0.4971,0.25098,2.40087,1.71142,1.24917,0.000275276,0.000275276,0.000275276
155,413.316,1.82204,1.00447,0.92119,0.58419,0.49435,0.48597,0.23927,2.41099,1.76643,1.2597,0.000273441,0.000273441,0.000273441
156,415.859,1.84722,1.02118,0.9175,0.48651,0.50225,0.45758,0.23389,2.44721,1.74665,1.26185,0.000271606,0.000271606,0.000271606
157,418.293,1.84,1.02333,0.94131,0.46077,0.53515,0.46729,0.24218,2.40944,1.70841,1.24517,0.000269771,0.000269771,0.000269771
158,420.833,1.772,0.98406,0.9246,0.4716,0.51045,0.47598,0.24605,2.416,1.7457,1.2399,0.000267936,0.000267936,0.000267936
159,423.331,1.80315,1.00955,0.93409,0.4995,0.4786,0.46416,0.21855,2.42588,1.75519,1.27047,0.000266102,0.000266102,0.000266102
160,425.826,1.8556,1.00885,0.92009,0.458,0.51119,0.4703,0.21097,2.43991,1.75393,1.26837,0.000264267,0.000264267,0.000264267
161,428.428,1.82886,0.98547,0.91967,0.48335,0.49104,0.464,0.2131,2.41768,1.74495,1.25491,0.000262432,0.000262432,0.000262432
162,431.216,1.81808,0.99813,0.9196,0.48492,0.50287,0.47215,0.21207,2.39173,1.68449,1.24258,0.000260597,0.000260597,0.000260597
163,433.655,1.8359,1.00509,0.91871,0.48283,0.54184,0.4901,0.21403,2.41614,1.68085,1.25529,0.000258762,0.000258762,0.000258762
164,436.187,1.79342,0.9639,0.92165,0.52785,0.48428,0.48297,0.2079,2.43319,1.67242,1.24017,0.000256928,0.000256928,0.000256928
165,438.757,1.80891,0.99815,0.92579,0.4823,0.52654,0.485,0.21288,2.4124,1.66213,1.24138,0.000255093,0.000255093,0.000255093
166,441.306,1.75092,0.95911,0.92554,0.40742,0.55053,0.46427,0.21157,2.45412,1.70414,1.25439,0.000253258,0.000253258,0.000253258
167,443.845,1.79711,0.97904,0.91629,0.46038,0.55439,0.48921,0.22506,2.42607,1.74165,1.25824,0.000251423,0.000251423,0.000251423
168,446.413,1.80226,0.97515,0.92169,0.63381,0.48208,0.52075,0.2348,2.43255,1.7353,1.26757,0.000249588,0.000249588,0.000249588
169,448.856,1.83255,0.99032,0.91024,0.56045,0.48147,0.50091,0.21735,2.4383,1.75352,1.26914,0.000247754,0.000247754,0.000247754
170,451.381,1.76015,0.96342,0.92267,0.53165,0.49314,0.50152,0.21828,2.41551,1.70626,1.26038,0.000245919,0.000245919,0.000245919
171,453.827,1.7014,0.94279,0.91175,0.49007,0.51025,0.49034,0.22495,2.45814,1.70227,1.2635,0.000244084,0.000244084,0.000244084
172,456.162,1.82835,0.98573,0.91375,0.57398,0.45453,0.49166,0.22615,2.44358,1.7245,1.26696,0.000242249,0.000242249,0.000242249
173,458.689,1.74557,0.95701,0.92472,0.49546,0.52398,0.49119,0.23966,2.45724,1.72426,1.28082,0.000240414,0.000240414,0.000240414
174,461.19,1.74416,0.95156,0.91825,0.5287,0.511,0.49703,0.24321,2.41046,1.7058,1.26615,0.00023858,0.00023858,0.00023858
175,463.718,1.77031,0.98743,0.91493,0.52607,0.47907,0.50276,0.24186,2.4244,1.65775,1.27575,0.000236745,0.000236745,0.000236745
176,466.492,1.74302,0.94814,0.92252,0.52965,0.49819,0.50349,0.22854,2.46213,1.68646,1.28391,0.00023491,0.00023491,0.00023491
177,469.004,1.76456,0.96741,0.90955,0.49263,0.52614,0.50231,0.2198,2.44483,1.64605,1.28181,0.000233075,0.000233075,0.000233075
178,471.424,1.72296,0.93486,0.91384,0.54134,0.49246,0.50403,0.23081,2.41706,1.69752,1.25782,0.00023124,0.00023124,0.00023124
179,473.979,1.72658,0.93226,0.91018,0.55099,0.50937,0.50731,0.23125,2.41839,1.74808,1.26405,0.000229406,0.000229406,0.000229406
180,476.493,1.84679,0.99054,0.90799,0.55205,0.48337,0.49784,0.21891,2.43893,1.74852,1.2597,0.000227571,0.000227571,0.000227571
181,479.011,1.82451,0.97205,0.91351,0.51807,0.51498,0.48704,0.20643,2.48254,1.73621,1.27101,0.000225736,0.000225736,0.000225736
182,481.518,1.76797,0.96512,0.90443,0.5137,0.48464,0.48203,0.21095,2.45933,1.71791,1.27033,0.000223901,0.000223901,0.000223901
183,484.05,1.71731,0.94123,0.90714,0.50682,0.50676,0.48582,0.21435,2.4519,1.72049,1.27504,0.000222066,0.000222066,0.000222066
184,486.528,1.72447,0.93338,0.89971,0.4988,0.51232,0.48229,0.21799,2.41538,1.70755,1.25295,0.000220232,0.000220232,0.000220232
185,489.033,1.72342,0.97386,0.93044,0.50177,0.47424,0.45403,0.19924,2.43969,1.69549,1.25301,0.000218397,0.000218397,0.000218397
186,491.486,1.72647,0.94814,0.92224,0.55056,0.51591,0.4929,0.22592,2.4156,1.67374,1.25065,0.000216562,0.000216562,0.000216562
187,494.04,1.74732,0.93907,0.90055,0.52349,0.50665,0.47719,0.2195,2.45367,1.69953,1.26671,0.000214727,0.000214727,0.000214727
188,496.506,1.70974,0.93431,0.90747,0.49508,0.5393,0.49206,0.22464,2.43922,1.70314,1.27581,0.000212892,0.000212892,0.000212892
189,499.011,1.72054,0.93521,0.90976,0.49434,0.52239,0.49164,0.23486,2.41329,1.72815,1.25912,0.000211058,0.000211058,0.000211058
190,501.717,1.74211,0.96029,0.91347,0.54089,0.51617,0.49016,0.23045,2.41327,1.69439,1.26311,0.000209223,0.000209223,0.000209223
191,504.221,1.75133,0.92039,0.91181,0.43891,0.55853,0.47204,0.2283,2.46168,1.69203,1.2829,0.000207388,0.000207388,0.000207388
192,506.649,1.72102,0.93397,0.91578,0.49781,0.52608,0.4836,0.22636,2.42539,1.67733,1.2723,0.000205553,0.000205553,0.000205553
193,509.19,1.75051,0.93905,0.90556,0.53694,0.4819,0.49002,0.22985,2.42761,1.68429,1.2686,0.000203718,0.000203718,0.000203718
194,511.752,1.71549,0.9325,0.91181,0.49493,0.51112,0.48424,0.22003,2.42817,1.70651,1.26635,0.000201884,0.000201884,0.000201884
195,514.294,1.69487,0.92282,0.91153,0.4924,0.55009,0.48837,0.24096,2.44292,1.69434,1.27964,0.000200049,0.000200049,0.000200049
196,516.849,1.73407,0.9338,0.90937,0.49935,0.5483,0.48776,0.24835,2.43507,1.69468,1.27837,0.000198214,0.000198214,0.000198214
197,519.326,1.77561,0.9587,0.9027,0.49872,0.52022,0.48865,0.24748,2.45123,1.66461,1.29119,0.000196379,0.000196379,0.000196379
198,521.788,1.73751,0.94363,0.91639,0.48758,0.50806,0.48016,0.24324,2.44369,1.68508,1.27401,0.000194544,0.000194544,0.000194544
199,524.345,1.70882,0.93423,0.89743,0.4903,0.52951,0.48059,0.23161,2.4443,1.67106,1.27301,0.00019271,0.00019271,0.00019271
200,526.84,1.70708,0.90696,0.90635,0.49276,0.53288,0.49519,0.23807,2.45025,1.65818,1.27825,0.000190875,0.000190875,0.000190875
201,529.338,1.74378,0.94637,0.90686,0.52767,0.52465,0.50038,0.25076,2.42149,1.69638,1.25252,0.00018904,0.00018904,0.00018904
202,531.843,1.66927,0.8997,0.89922,0.461,0.47597,0.46924,0.22334,2.42704,1.67519,1.26561,0.000187205,0.000187205,0.000187205
203,534.332,1.71745,0.92247,0.90013,0.49245,0.46574,0.46152,0.21017,2.42658,1.68941,1.26022,0.00018537,0.00018537,0.00018537
204,536.995,1.72059,0.92282,0.89934,0.5005,0.47972,0.47714,0.22971,2.41035,1.67562,1.25333,0.000183536,0.000183536,0.000183536
205,539.478,1.68885,0.91056,0.90335,0.5386,0.49307,0.50377,0.25578,2.41482,1.64899,1.259,0.000181701,0.000181701,0.000181701
206,542.064,1.65795,0.8834,0.89532,0.54064,0.52446,0.49959,0.25408,2.41609,1.65842,1.26353,0.000179866,0.000179866,0.000179866
207,544.637,1.6646,0.89201,0.90324,0.51328,0.53684,0.49479,0.25112,2.42162,1.69661,1.26524,0.000178031,0.000178031,0.000178031
208,547.128,1.66603,0.90308,0.9072,0.53235,0.51969,0.49086,0.24987,2.42336,1.70102,1.26981,0.000176196,0.000176196,0.000176196
209,549.579,1.65106,0.8821,0.90376,0.57451,0.50355,0.498,0.25137,2.42499,1.67005,1.26591,0.000174362,0.000174362,0.000174362
210,552.099,1.69385,0.90564,0.89832,0.52371,0.49707,0.48943,0.24726,2.41984,1.66431,1.2548,0.000172527,0.000172527,0.000172527
211,554.565,1.72521,0.90719,0.89885,0.54683,0.48274,0.48899,0.24495,2.45015,1.69744,1.25239,0.000170692,0.000170692,0.000170692
212,557.109,1.67862,0.91005,0.89954,0.54783,0.45617,0.44987,0.21132,2.44955,1.66157,1.27094,0.000168857,0.000168857,0.000168857
213,559.654,1.6974,0.90531,0.90801,0.478,0.49214,0.48706,0.23104,2.46162,1.68834,1.2779,0.000167022,0.000167022,0.000167022
214,562.168,1.66382,0.88889,0.88729,0.50312,0.46916,0.47771,0.2376,2.46101,1.74361,1.27048,0.000165188,0.000165188,0.000165188
215,564.685,1.67784,0.89963,0.89265,0.51349,0.4756,0.48325,0.22768,2.43693,1.75007,1.26503,0.000163353,0.000163353,0.000163353
216,567.236,1.72754,0.90227,0.89646,0.52211,0.50788,0.48409,0.21657,2.45517,1.71662,1.27358,0.000161518,0.000161518,0.000161518
217,569.849,1.64732,0.88842,0.9057,0.52895,0.51632,0.48495,0.22381,2.43196,1.64892,1.28039,0.000159683,0.000159683,0.000159683
218,572.558,1.65498,0.88279,0.89786,0.52217,0.47788,0.4731,0.21815,2.43021,1.65856,1.2774,0.000157848,0.000157848,0.000157848
219,575.089,1.70893,0.90029,0.88423,0.50095,0.53716,0.48041,0.22118,2.43322,1.71437,1.26239,0.000156014,0.000156014,0.000156014
220,577.541,1.62307,0.87271,0.90922,0.44522,0.5445,0.47515,0.21623,2.45554,1.69087,1.27147,0.000154179,0.000154179,0.000154179
221,580.157,1.69096,0.8909,0.90554,0.49853,0.51416,0.49232,0.23422,2.45045,1.66158,1.27567,0.000152344,0.000152344,0.000152344
222,582.627,1.70211,0.91397,0.90303,0.50708,0.53008,0.49471,0.22607,2.45611,1.67259,1.27212,0.000150509,0.000150509,0.000150509
223,585.138,1.65652,0.90057,0.88867,0.50146,0.55193,0.50125,0.24223,2.44856,1.69527,1.27048,0.000148674,0.000148674,0.000148674
224,587.643,1.63729,0.90951,0.91398,0.49999,0.51656,0.49964,0.23929,2.44277,1.6872,1.27315,0.00014684,0.00014684,0.00014684
225,590.23,1.61749,0.87357,0.89133,0.50825,0.52685,0.504,0.24163,2.41962,1.65758,1.26313,0.000145005,0.000145005,0.000145005
226,592.736,1.62848,0.87941,0.8866,0.51996,0.52719,0.5003,0.24159,2.42687,1.66251,1.26954,0.00014317,0.00014317,0.00014317
227,595.25,1.64884,0.87066,0.89708,0.50756,0.49425,0.48587,0.22852,2.43833,1.68717,1.26959,0.000141335,0.000141335,0.000141335
228,597.728,1.66388,0.87919,0.88847,0.49995,0.50419,0.48437,0.22889,2.4529,1.6908,1.28299,0.0001395,0.0001395,0.0001395
229,600.309,1.68289,0.89874,0.89536,0.48938,0.5438,0.49998,0.23785,2.4409,1.69665,1.27373,0.000137666,0.000137666,0.000137666
230,602.87,1.63795,0.85662,0.88783,0.49544,0.53722,0.49314,0.2486,2.44604,1.71639,1.2699,0.000135831,0.000135831,0.000135831
231,605.63,1.61472,0.88231,0.90118,0.48749,0.45364,0.4765,0.23968,2.46185,1.70341,1.27134,0.000133996,0.000133996,0.000133996
232,608.179,1.61857,0.85698,0.88272,0.45195,0.48231,0.46162,0.22104,2.46245,1.71407,1.27305,0.000132161,0.000132161,0.000132161
233,610.696,1.6413,0.89094,0.89508,0.54059,0.51745,0.49371,0.23077,2.47865,1.73766,1.27407,0.000130326,0.000130326,0.000130326
234,613.285,1.6281,0.86404,0.88911,0.54168,0.50981,0.48884,0.24074,2.45668,1.7161,1.27406,0.000128492,0.000128492,0.000128492
235,615.789,1.64964,0.86959,0.87725,0.52298,0.51658,0.49127,0.25345,2.45703,1.70215,1.27892,0.000126657,0.000126657,0.000126657
236,618.303,1.6747,0.89633,0.87786,0.54467,0.51649,0.48704,0.24724,2.46018,1.67762,1.28633,0.000124822,0.000124822,0.000124822
237,620.637,1.65026,0.86125,0.88388,0.49655,0.52942,0.49327,0.24644,2.4493,1.68021,1.28161,0.000122987,0.000122987,0.000122987
238,623.175,1.61798,0.86025,0.89483,0.52617,0.51625,0.49395,0.24777,2.44885,1.6826,1.27557,0.000121152,0.000121152,0.000121152
239,625.778,1.60204,0.87231,0.89395,0.50466,0.53709,0.49394,0.25189,2.45676,1.6974,1.27378,0.000119318,0.000119318,0.000119318
240,628.301,1.61823,0.85321,0.89166,0.50591,0.56367,0.49248,0.24191,2.46827,1.71744,1.28269,0.000117483,0.000117483,0.000117483
241,630.781,1.60722,0.84898,0.89068,0.49804,0.55431,0.47562,0.23837,2.48633,1.732,1.2857,0.000115648,0.000115648,0.000115648
242,633.216,1.62013,0.86265,0.88255,0.51075,0.54483,0.47594,0.24939,2.46826,1.72128,1.28965,0.000113813,0.000113813,0.000113813
243,635.686,1.62236,0.86969,0.89644,0.53088,0.52421,0.48245,0.25459,2.47099,1.71563,1.28734,0.000111978,0.000111978,0.000111978
244,638.281,1.63644,0.89964,0.8997,0.52188,0.52998,0.49179,0.26082,2.46144,1.68493,1.28864,0.000110144,0.000110144,0.000110144
245,641.049,1.6337,0.86285,0.88568,0.56211,0.50584,0.49563,0.25481,2.44248,1.66932,1.27307,0.000108309,0.000108309,0.000108309
246,643.625,1.60708,0.84283,0.88731,0.4794,0.53116,0.47923,0.24631,2.46493,1.69119,1.28521,0.000106474,0.000106474,0.000106474
247,646.186,1.66035,0.85812,0.88119,0.52088,0.50823,0.48737,0.24183,2.46166,1.70219,1.28719,0.000104639,0.000104639,0.000104639
248,648.716,1.5921,0.84003,0.89138,0.55631,0.4893,0.49772,0.24699,2.45682,1.68324,1.28745,0.000102804,0.000102804,0.000102804
249,651.303,1.6332,0.84446,0.88089,0.50366,0.54871,0.49199,0.2366,2.48983,1.69193,1.2976,0.00010097,0.00010097,0.00010097
250,653.817,1.57179,0.83793,0.88293,0.50681,0.53084,0.48374,0.23847,2.46447,1.70151,1.28516,9.91348e-05,9.91348e-05,9.91348e-05
251,656.353,1.61108,0.84098,0.87937,0.49874,0.53521,0.48578,0.23748,2.44787,1.69544,1.27853,9.73e-05,9.73e-05,9.73e-05
252,658.832,1.60665,0.8478,0.88618,0.51959,0.53641,0.49465,0.24487,2.45237,1.71181,1.28345,9.54652e-05,9.54652e-05,9.54652e-05
253,661.315,1.59685,0.84038,0.88448,0.53775,0.53677,0.49209,0.24313,2.46255,1.71013,1.29257,9.36304e-05,9.36304e-05,9.36304e-05
254,663.776,1.61096,0.85352,0.88003,0.52112,0.55184,0.48937,0.2326,2.47462,1.69091,1.29356,9.17956e-05,9.17956e-05,9.17956e-05
255,666.299,1.59013,0.8718,0.87366,0.52548,0.51929,0.49172,0.2401,2.46765,1.68065,1.29179,8.99608e-05,8.99608e-05,8.99608e-05
256,668.689,1.60131,0.84703,0.89092,0.5436,0.50432,0.48463,0.23687,2.45234,1.68612,1.29026,8.8126e-05,8.8126e-05,8.8126e-05
257,671.117,1.54202,0.82146,0.87883,0.53418,0.52392,0.48826,0.24669,2.44125,1.72168,1.28467,8.62912e-05,8.62912e-05,8.62912e-05
258,673.604,1.58488,0.83966,0.89689,0.55108,0.53105,0.48887,0.2442,2.44603,1.71524,1.282,8.44564e-05,8.44564e-05,8.44564e-05
259,676.314,1.58955,0.84629,0.88854,0.53681,0.55464,0.49814,0.23978,2.46649,1.71304,1.29261,8.26216e-05,8.26216e-05,8.26216e-05
260,678.84,1.55644,0.8409,0.88702,0.51813,0.56713,0.5019,0.25381,2.4448,1.69042,1.28866,8.07868e-05,8.07868e-05,8.07868e-05
261,681.36,1.56892,0.8286,0.88947,0.50299,0.54399,0.493,0.24917,2.45569,1.67436,1.29155,7.8952e-05,7.8952e-05,7.8952e-05
262,683.875,1.57979,0.82899,0.88216,0.47281,0.52647,0.4797,0.23312,2.45112,1.68781,1.29173,7.71172e-05,7.71172e-05,7.71172e-05
263,686.406,1.58056,0.83423,0.88469,0.53558,0.54705,0.49605,0.23405,2.45181,1.71342,1.28195,7.52824e-05,7.52824e-05,7.52824e-05
264,688.904,1.60668,0.84669,0.87333,0.50176,0.56044,0.49639,0.22661,2.44969,1.69907,1.27773,7.34476e-05,7.34476e-05,7.34476e-05
265,691.468,1.63702,0.85306,0.86994,0.52168,0.46827,0.48637,0.22758,2.4323,1.70091,1.27696,7.16128e-05,7.16128e-05,7.16128e-05
266,693.976,1.64008,0.85522,0.87437,0.48303,0.52893,0.48306,0.22346,2.43971,1.69852,1.28596,6.9778e-05,6.9778e-05,6.9778e-05
267,696.365,1.55025,0.81459,0.87581,0.50305,0.57819,0.49857,0.24768,2.45358,1.71416,1.28936,6.79432e-05,6.79432e-05,6.79432e-05
268,698.856,1.62503,0.83922,0.86432,0.50674,0.56143,0.49787,0.24885,2.4522,1.7462,1.28832,6.61084e-05,6.61084e-05,6.61084e-05
269,701.425,1.60925,0.83499,0.86622,0.52511,0.52125,0.50093,0.25078,2.44897,1.73996,1.28327,6.42736e-05,6.42736e-05,6.42736e-05
270,703.96,1.54487,0.82516,0.87098,0.55246,0.52987,0.50755,0.25147,2.44471,1.71076,1.27934,6.24388e-05,6.24388e-05,6.24388e-05
271,706.468,1.58321,0.8365,0.88296,0.56831,0.50416,0.50483,0.24644,2.45493,1.70158,1.28399,6.0604e-05,6.0604e-05,6.0604e-05
272,708.916,1.5341,0.81554,0.87378,0.52106,0.51386,0.48944,0.24752,2.45792,1.70326,1.27816,5.87692e-05,5.87692e-05,5.87692e-05
273,711.688,1.60696,0.8477,0.87368,0.51653,0.51348,0.4829,0.24525,2.46659,1.71024,1.28338,5.69344e-05,5.69344e-05,5.69344e-05
274,714.146,1.53627,0.80479,0.87485,0.46496,0.49213,0.46586,0.22736,2.47097,1.7113,1.29063,5.50996e-05,5.50996e-05,5.50996e-05
275,716.66,1.52458,0.80848,0.87533,0.47207,0.49936,0.46547,0.22836,2.47128,1.71619,1.2941,5.32648e-05,5.32648e-05,5.32648e-05
276,719.164,1.54166,0.80907,0.87174,0.50338,0.53525,0.48342,0.24271,2.46923,1.71435,1.29509,5.143e-05,5.143e-05,5.143e-05
277,721.617,1.58048,0.83907,0.87596,0.52823,0.52229,0.48528,0.23771,2.46663,1.70713,1.29568,4.95952e-05,4.95952e-05,4.95952e-05
278,724.146,1.62901,0.82967,0.86662,0.53886,0.52228,0.49704,0.24043,2.45478,1.69858,1.28875,4.77604e-05,4.77604e-05,4.77604e-05
279,726.734,1.5787,0.81089,0.87248,0.53005,0.53157,0.49666,0.24345,2.46264,1.70741,1.29139,4.59256e-05,4.59256e-05,4.59256e-05
280,729.219,1.53778,0.81039,0.88069,0.52763,0.46286,0.47127,0.23331,2.4624,1.71367,1.29165,4.40908e-05,4.40908e-05,4.40908e-05
281,731.616,1.60925,0.83001,0.86856,0.56295,0.48724,0.48725,0.24602,2.46178,1.70803,1.29613,4.2256e-05,4.2256e-05,4.2256e-05
282,734.148,1.49043,0.79929,0.87984,0.54674,0.50095,0.48927,0.24716,2.47184,1.70855,1.30178,4.04212e-05,4.04212e-05,4.04212e-05
283,736.68,1.52725,0.8076,0.87341,0.54491,0.49885,0.48825,0.24901,2.46593,1.69842,1.29983,3.85864e-05,3.85864e-05,3.85864e-05
284,739.135,1.5322,0.82785,0.89143,0.55323,0.50545,0.49407,0.24977,2.46018,1.70135,1.29075,3.67516e-05,3.67516e-05,3.67516e-05
285,741.664,1.52944,0.80494,0.88042,0.49486,0.56407,0.49046,0.24726,2.46541,1.71108,1.29622,3.49168e-05,3.49168e-05,3.49168e-05
286,744.278,1.54082,0.90026,0.87508,0.52984,0.52229,0.49512,0.24372,2.46982,1.72547,1.29863,3.3082e-05,3.3082e-05,3.3082e-05
287,746.943,1.52798,0.79761,0.8737,0.53564,0.51854,0.495,0.24715,2.4684,1.72079,1.29431,3.12472e-05,3.12472e-05,3.12472e-05
288,749.449,1.50361,0.79624,0.87624,0.54716,0.49366,0.48642,0.22745,2.46124,1.72206,1.28975,2.94124e-05,2.94124e-05,2.94124e-05
289,751.993,1.54758,0.82174,0.88528,0.53965,0.49705,0.48722,0.22971,2.47504,1.72418,1.29464,2.75776e-05,2.75776e-05,2.75776e-05
290,754.515,1.54353,0.81011,0.8752,0.49174,0.54236,0.48394,0.22855,2.47947,1.72386,1.29603,2.57428e-05,2.57428e-05,2.57428e-05
291,760.305,1.58344,0.86565,0.90232,0.5145,0.48811,0.47985,0.21885,2.4894,1.7363,1.2991,2.3908e-05,2.3908e-05,2.3908e-05
292,762.781,1.58278,0.86007,0.9051,0.48809,0.54678,0.46953,0.20978,2.49164,1.7365,1.30127,2.20732e-05,2.20732e-05,2.20732e-05
293,765.204,1.54677,0.82261,0.89157,0.5279,0.49012,0.46908,0.20841,2.49531,1.72443,1.30709,2.02384e-05,2.02384e-05,2.02384e-05
294,767.583,1.50686,0.80493,0.88247,0.51368,0.49086,0.46562,0.20246,2.50949,1.72057,1.31141,1.84036e-05,1.84036e-05,1.84036e-05
295,770.069,1.57617,0.8979,0.88908,0.51947,0.5087,0.47056,0.20277,2.50089,1.70822,1.30672,1.65688e-05,1.65688e-05,1.65688e-05
296,772.442,1.53476,0.79606,0.8927,0.48008,0.55385,0.47622,0.21645,2.49297,1.70629,1.30307,1.4734e-05,1.4734e-05,1.4734e-05
297,774.95,1.51537,0.80313,0.89045,0.47695,0.55297,0.47826,0.21851,2.48786,1.70444,1.30175,1.28992e-05,1.28992e-05,1.28992e-05
298,777.273,1.50763,0.82127,0.88843,0.52996,0.51274,0.48684,0.22181,2.48288,1.70268,1.29873,1.10644e-05,1.10644e-05,1.10644e-05
299,779.943,1.50635,0.8067,0.88987,0.53663,0.51054,0.48511,0.22313,2.48447,1.69792,1.29964,9.2296e-06,9.2296e-06,9.2296e-06
300,782.376,1.51106,0.78554,0.88191,0.53721,0.50855,0.48744,0.2196,2.48376,1.69958,1.29968,7.3948e-06,7.3948e-06,7.3948e-06
