                  epoch,         train/box_loss,         train/cls_loss,         train/dfl_loss,   metrics/precision(B),      metrics/recall(B),       metrics/mAP50(B),    metrics/mAP50-95(B),           val/box_loss,           val/cls_loss,           val/dfl_loss,                 lr/pg0,                 lr/pg1,                 lr/pg2
                      1,                 2.5132,                 4.5178,                 1.3387,                0.01501,                0.18647,                0.04178,                0.01392,                 2.3562,                 4.0185,                  1.162,             0.00018318,             0.00018318,             0.00018318
                      2,                 2.3961,                 3.2443,                  1.201,                0.64234,                0.19428,                0.14454,                0.04688,                  2.343,                 2.7659,                 1.1675,              0.0003673,              0.0003673,              0.0003673
                      3,                 2.2909,                 2.7645,                 1.1937,                 0.4896,                0.29264,                0.16648,                0.06255,                 2.3014,                 2.5845,                  1.209,             0.00055019,             0.00055019,             0.00055019
                      4,                 2.2831,                 2.4863,                  1.199,                0.43574,                 0.3005,                0.23458,                0.08553,                 2.2434,                 2.3623,                 1.1733,              0.0005505,              0.0005505,              0.0005505
                      5,                  2.233,                    2.4,                 1.2032,                 0.3929,                 0.2724,                0.21752,                0.08591,                 2.2664,                 2.4437,                 1.1914,             0.00054866,             0.00054866,             0.00054866
                      6,                 2.1999,                 2.3131,                 1.1971,                0.37191,                0.29499,                0.24611,                0.09267,                 2.1769,                 2.2363,                 1.1773,             0.00054683,             0.00054683,             0.00054683
                      7,                 2.1805,                 2.2213,                 1.1929,                0.48197,                0.29305,                0.25065,                0.10982,                 2.1883,                 2.2193,                 1.1703,             0.00054499,             0.00054499,             0.00054499
                      8,                  2.176,                 2.1532,                 1.1789,                0.58955,                0.26909,                0.29904,                0.12672,                 2.1723,                 2.1604,                 1.1676,             0.00054316,             0.00054316,             0.00054316
                      9,                 2.1399,                 2.0804,                   1.18,                0.48545,                0.33328,                 0.2802,                0.11834,                 2.1508,                 2.1244,                 1.1571,             0.00054132,             0.00054132,             0.00054132
                     10,                 2.1322,                 2.0511,                  1.175,                0.33984,                0.31794,                0.29112,                0.12031,                 2.1678,                 2.1252,                 1.1756,             0.00053949,             0.00053949,             0.00053949
                     11,                  2.134,                 2.0135,                 1.1588,                0.52408,                0.33505,                0.31394,                0.12991,                 2.1554,                 2.0011,                 1.1772,             0.00053765,             0.00053765,             0.00053765
                     12,                 2.1166,                 1.9757,                 1.1649,                 0.5536,                0.30926,                0.31679,                0.14033,                 2.1248,                 1.9754,                 1.1672,             0.00053582,             0.00053582,             0.00053582
                     13,                 2.1063,                 1.9412,                 1.1571,                0.48844,                0.36598,                0.33096,                 0.1579,                 2.1341,                 1.9787,                 1.1614,             0.00053398,             0.00053398,             0.00053398
                     14,                 2.0938,                 1.9308,                 1.1723,                0.55075,                0.33021,                0.33502,                0.14662,                 2.1111,                 1.9216,                 1.1735,             0.00053215,             0.00053215,             0.00053215
                     15,                 2.0976,                 1.9259,                  1.153,                0.55941,                0.38724,                0.33635,                0.15572,                 2.1199,                 1.9058,                 1.1517,             0.00053031,             0.00053031,             0.00053031
                     16,                 2.0781,                 1.8325,                 1.1418,                0.54316,                0.41973,                0.34807,                0.16115,                 2.1286,                 1.9217,                 1.1697,             0.00052848,             0.00052848,             0.00052848
                     17,                 2.0768,                 1.8554,                 1.1596,                0.68085,                0.35496,                0.37404,                0.15116,                 2.1235,                 1.9044,                 1.1701,             0.00052664,             0.00052664,             0.00052664
                     18,                 2.0785,                 1.8301,                 1.1564,                 0.5506,                0.35003,                0.34375,                0.15532,                 2.1286,                 1.8966,                 1.1744,             0.00052481,             0.00052481,             0.00052481
                     19,                 2.0474,                 1.7764,                 1.1555,                0.59618,                0.37333,                0.35833,                0.16476,                 2.1422,                 1.8771,                 1.1733,             0.00052297,             0.00052297,             0.00052297
                     20,                 2.0546,                 1.7793,                  1.147,                0.57053,                0.36375,                0.35611,                0.15079,                 2.0985,                 1.7886,                 1.1623,             0.00052114,             0.00052114,             0.00052114
                     21,                 2.0353,                 1.7486,                 1.1512,                0.60153,                0.39374,                0.37422,                0.16219,                 2.1322,                 1.7836,                 1.1669,              0.0005193,              0.0005193,              0.0005193
                     22,                 2.0483,                 1.7236,                  1.137,                0.64152,                 0.3139,                0.35234,                 0.1606,                 2.1214,                 1.8999,                 1.1797,             0.00051747,             0.00051747,             0.00051747
                     23,                 2.0378,                 1.7125,                 1.1499,                0.62375,                0.41261,                0.36304,                0.14764,                 2.1425,                 1.8655,                  1.185,             0.00051563,             0.00051563,             0.00051563
                     24,                 2.0304,                 1.6848,                 1.1352,                0.53553,                0.38198,                0.36328,                 0.1546,                  2.122,                 1.8004,                 1.1702,              0.0005138,              0.0005138,              0.0005138
                     25,                 2.0295,                 1.6594,                 1.1413,                0.50992,                0.37481,                0.35907,                0.15113,                 2.1548,                 1.8464,                 1.1717,             0.00051196,             0.00051196,             0.00051196
                     26,                 2.0413,                   1.66,                 1.1503,                0.57825,                0.43535,                0.40383,                0.17897,                 2.1121,                 1.7642,                 1.1744,             0.00051013,             0.00051013,             0.00051013
                     27,                 2.0147,                 1.6547,                 1.1441,                 0.6004,                0.42619,                0.39684,                0.17389,                 2.1155,                 1.7204,                 1.1809,              0.0005083,              0.0005083,              0.0005083
                     28,                 2.0362,                 1.6245,                 1.1392,                0.56469,                0.39511,                0.40368,                0.16292,                 2.1247,                 1.7759,                 1.1651,             0.00050646,             0.00050646,             0.00050646
                     29,                 1.9927,                 1.6071,                 1.1316,                0.64295,                0.37144,                0.38513,                 0.1773,                 2.1265,                 1.7592,                 1.1815,             0.00050463,             0.00050463,             0.00050463
                     30,                 2.0181,                 1.6087,                  1.123,                0.47331,                0.40899,                0.38728,                0.16914,                 2.1264,                 1.7229,                 1.1783,             0.00050279,             0.00050279,             0.00050279
                     31,                 2.0241,                 1.5926,                 1.1459,                0.66523,                0.33006,                0.38048,                0.17195,                  2.127,                 1.7528,                 1.1765,             0.00050096,             0.00050096,             0.00050096
                     32,                 2.0051,                 1.5798,                 1.1332,                0.59411,                0.41453,                0.39135,                0.17987,                 2.1241,                 1.7963,                  1.167,             0.00049912,             0.00049912,             0.00049912
                     33,                 1.9955,                 1.5727,                 1.1308,                0.75116,                0.32423,                0.40089,                0.16724,                 2.1349,                  1.738,                 1.1682,             0.00049729,             0.00049729,             0.00049729
                     34,                  2.003,                 1.5493,                 1.1352,                0.53147,                0.38868,                0.40466,                0.18358,                 2.1318,                 1.7116,                 1.1853,             0.00049545,             0.00049545,             0.00049545
                     35,                 1.9828,                 1.5317,                 1.1278,                0.53749,                0.40417,                0.40635,                0.19182,                 2.1147,                 1.7002,                 1.1655,             0.00049362,             0.00049362,             0.00049362
                     36,                 1.9821,                 1.5356,                 1.1292,                0.42552,                0.39061,                 0.3724,                0.16955,                 2.1261,                 1.7316,                 1.1754,             0.00049178,             0.00049178,             0.00049178
                     37,                 1.9823,                 1.5268,                 1.1266,                 0.6672,                0.43529,                0.45298,                0.20602,                 2.0971,                  1.657,                 1.1648,             0.00048995,             0.00048995,             0.00048995
                     38,                 1.9608,                 1.5155,                 1.1324,                0.55457,                0.44113,                0.39571,                0.18459,                 2.1166,                 1.6934,                 1.1751,             0.00048811,             0.00048811,             0.00048811
                     39,                 1.9848,                 1.4936,                  1.117,                0.47627,                0.42916,                 0.3917,                0.17737,                 2.1877,                 1.7372,                 1.1846,             0.00048628,             0.00048628,             0.00048628
                     40,                 1.9667,                 1.4872,                 1.1179,                0.55512,                0.38031,                0.40989,                0.18534,                 2.1522,                 1.6793,                 1.1998,             0.00048444,             0.00048444,             0.00048444
                     41,                 1.9707,                 1.4818,                 1.1224,                0.52349,                0.39924,                0.37744,                0.17685,                 2.1256,                  1.683,                 1.1635,             0.00048261,             0.00048261,             0.00048261
                     42,                 1.9529,                 1.4664,                 1.1178,                0.54947,                0.39103,                0.38932,                0.16102,                 2.1223,                 1.7108,                 1.1819,             0.00048077,             0.00048077,             0.00048077
                     43,                 1.9446,                 1.4255,                 1.1043,                0.52628,                0.40863,                0.38804,                0.17958,                 2.1377,                 1.6181,                 1.1776,             0.00047894,             0.00047894,             0.00047894
                     44,                 1.9472,                 1.4236,                 1.1074,                0.62234,                0.38626,                0.42667,                0.18611,                  2.127,                 1.6388,                 1.1691,              0.0004771,              0.0004771,              0.0004771
                     45,                 1.9627,                   1.44,                 1.1106,                0.54918,                0.41988,                0.40472,                 0.1769,                 2.1363,                 1.6538,                 1.1692,             0.00047527,             0.00047527,             0.00047527
                     46,                 1.9356,                 1.4372,                 1.1249,                0.57279,                0.44414,                0.42494,                0.17975,                 2.1429,                 1.6423,                 1.1877,             0.00047343,             0.00047343,             0.00047343
                     47,                 1.9492,                 1.4282,                 1.1164,                0.53497,                0.41949,                0.41181,                0.18442,                  2.135,                 1.6538,                 1.1848,              0.0004716,              0.0004716,              0.0004716
                     48,                 1.9635,                 1.4301,                 1.1165,                0.70362,                0.40237,                0.40876,                0.16775,                  2.109,                 1.6272,                 1.1606,             0.00046976,             0.00046976,             0.00046976
                     49,                 1.9228,                 1.3856,                 1.1123,                 0.5916,                0.41534,                0.42697,                0.17918,                 2.1289,                 1.5982,                 1.1842,             0.00046793,             0.00046793,             0.00046793
                     50,                 1.9583,                 1.4075,                 1.1062,                0.60345,                0.41275,                0.44231,                0.19078,                 2.1403,                 1.6323,                 1.1888,             0.00046609,             0.00046609,             0.00046609
                     51,                 1.9297,                 1.3844,                 1.1087,                0.60612,                0.40581,                0.43133,                0.18821,                 2.1455,                 1.6311,                  1.176,             0.00046426,             0.00046426,             0.00046426
                     52,                 1.9128,                 1.3544,                 1.1041,                0.55627,                0.44107,                0.43025,                0.18174,                 2.1646,                   1.67,                 1.1877,             0.00046243,             0.00046243,             0.00046243
                     53,                 1.9215,                 1.3512,                 1.1094,                0.54753,                0.43873,                0.41761,                0.18725,                 2.1353,                 1.6272,                 1.1861,             0.00046059,             0.00046059,             0.00046059
                     54,                 1.9027,                 1.3315,                 1.0991,                0.54887,                0.38621,                 0.3999,                0.17919,                 2.1642,                 1.6163,                 1.1893,             0.00045876,             0.00045876,             0.00045876
                     55,                 1.9141,                  1.343,                 1.0939,                0.56452,                0.47945,                0.41779,                0.17469,                 2.1534,                 1.6609,                  1.183,             0.00045692,             0.00045692,             0.00045692
                     56,                 1.9057,                 1.3291,                 1.0975,                0.72014,                0.39774,                0.43711,                0.18888,                 2.1498,                 1.5769,                 1.1916,             0.00045509,             0.00045509,             0.00045509
                     57,                 1.9274,                 1.3294,                 1.0923,                0.48162,                0.40404,                0.39453,                0.16742,                 2.1683,                 1.6184,                   1.19,             0.00045325,             0.00045325,             0.00045325
                     58,                 1.8687,                  1.317,                 1.0994,                0.56873,                0.40457,                0.41101,                0.18107,                 2.1894,                 1.6277,                 1.2015,             0.00045142,             0.00045142,             0.00045142
                     59,                 1.9179,                 1.3189,                 1.0989,                0.56677,                0.37444,                0.39715,                0.17504,                 2.1844,                 1.6416,                  1.197,             0.00044958,             0.00044958,             0.00044958
                     60,                  1.897,                 1.3193,                 1.0835,                0.48422,                0.37099,                0.41641,                0.17661,                 2.1766,                 1.5976,                 1.2068,             0.00044775,             0.00044775,             0.00044775
                     61,                 1.8983,                 1.2941,                 1.0885,                 0.6381,                0.42325,                0.44999,                0.19893,                 2.1683,                 1.5799,                 1.1922,             0.00044591,             0.00044591,             0.00044591
                     62,                  1.906,                 1.3203,                 1.0864,                0.60241,                0.42253,                0.39134,                0.17064,                  2.154,                  1.643,                 1.1827,             0.00044408,             0.00044408,             0.00044408
                     63,                 1.8961,                 1.2924,                 1.0826,                0.64104,                0.43472,                0.45083,                0.17999,                 2.1766,                 1.6449,                 1.1918,             0.00044224,             0.00044224,             0.00044224
                     64,                 1.8728,                 1.2777,                 1.0835,                0.58315,                0.41722,                0.42127,                0.19211,                 2.1915,                 1.6418,                 1.2107,             0.00044041,             0.00044041,             0.00044041
                     65,                 1.8749,                 1.2756,                  1.091,                0.44113,                0.45529,                0.39823,                 0.1753,                  2.182,                 1.6188,                 1.2044,             0.00043857,             0.00043857,             0.00043857
                     66,                  1.878,                 1.2561,                 1.0883,                0.56626,                0.48702,                0.42744,                0.20099,                 2.1594,                 1.5957,                 1.1866,             0.00043674,             0.00043674,             0.00043674
                     67,                  1.861,                 1.2433,                 1.0812,                0.57112,                0.45731,                0.40632,                0.18013,                 2.1812,                 1.6029,                 1.2004,              0.0004349,              0.0004349,              0.0004349
                     68,                 1.8762,                 1.2493,                 1.0818,                0.54074,                0.38845,                0.40434,                 0.1799,                 2.1927,                 1.6346,                 1.1916,             0.00043307,             0.00043307,             0.00043307
                     69,                 1.8694,                 1.2552,                 1.0774,                0.58666,                0.38273,                0.41069,                0.18092,                 2.1822,                 1.6242,                 1.1964,             0.00043123,             0.00043123,             0.00043123
                     70,                 1.8787,                 1.2557,                 1.0721,                0.50843,                0.43935,                 0.4447,                0.18991,                 2.1808,                 1.6172,                  1.194,              0.0004294,              0.0004294,              0.0004294
                     71,                 1.8692,                 1.2414,                 1.0847,                0.56964,                0.46003,                0.43937,                0.18613,                 2.1949,                 1.6396,                 1.1964,             0.00042756,             0.00042756,             0.00042756
                     72,                 1.8502,                 1.2287,                 1.0735,                0.70549,                0.41713,                0.43968,                0.19589,                 2.1575,                 1.6002,                 1.1903,             0.00042573,             0.00042573,             0.00042573
                     73,                 1.8603,                 1.2349,                 1.0767,                0.58297,                0.44589,                0.43422,                0.19271,                 2.1702,                 1.6025,                 1.1763,             0.00042389,             0.00042389,             0.00042389
                     74,                 1.8668,                 1.2269,                 1.0764,                0.50082,                0.40099,                0.40367,                0.18138,                 2.1981,                 1.5673,                 1.2059,             0.00042206,             0.00042206,             0.00042206
                     75,                 1.8595,                 1.2129,                  1.065,                 0.5233,                0.42368,                0.41805,                0.18358,                 2.1881,                  1.608,                 1.1892,             0.00042022,             0.00042022,             0.00042022
                     76,                 1.8449,                 1.1989,                 1.0741,                0.51127,                0.45359,                0.45584,                0.19017,                 2.1976,                 1.5997,                 1.2014,             0.00041839,             0.00041839,             0.00041839
                     77,                 1.8492,                 1.2208,                 1.0782,                0.60843,                0.38694,                0.44739,                0.19345,                 2.1972,                 1.5936,                 1.2075,             0.00041656,             0.00041656,             0.00041656
                     78,                 1.8273,                 1.2021,                 1.0764,                0.62853,                0.43724,                0.43707,                0.20105,                 2.1879,                 1.6152,                 1.2069,             0.00041472,             0.00041472,             0.00041472
                     79,                 1.8216,                 1.1749,                 1.0688,                0.47268,                0.42051,                0.43589,                0.19308,                 2.2254,                 1.6132,                 1.2202,             0.00041289,             0.00041289,             0.00041289
                     80,                 1.8202,                 1.1868,                 1.0643,                0.59147,                0.43026,                0.42259,                0.19102,                 2.2319,                 1.6019,                 1.2149,             0.00041105,             0.00041105,             0.00041105
                     81,                 1.8268,                 1.1782,                 1.0615,                0.64231,                0.43525,                0.43347,                0.20255,                  2.189,                 1.5893,                 1.2057,             0.00040922,             0.00040922,             0.00040922
                     82,                 1.8089,                 1.1637,                 1.0625,                0.53578,                0.41566,                0.42948,                0.19044,                 2.1805,                  1.606,                 1.1977,             0.00040738,             0.00040738,             0.00040738
                     83,                 1.8053,                 1.1703,                 1.0644,                0.57645,                0.47411,                0.41996,                0.18839,                 2.2214,                 1.6295,                 1.2175,             0.00040555,             0.00040555,             0.00040555
                     84,                 1.8154,                 1.1469,                 1.0693,                0.65612,                0.40633,                0.43754,                0.19764,                 2.2043,                 1.5583,                 1.2108,             0.00040371,             0.00040371,             0.00040371
                     85,                 1.8109,                 1.1638,                  1.057,                0.54796,                0.44248,                0.44229,                0.20018,                 2.2054,                   1.55,                 1.1982,             0.00040188,             0.00040188,             0.00040188
                     86,                 1.8224,                 1.1632,                 1.0584,                0.51561,                0.45195,                0.43134,                0.19758,                 2.2084,                 1.5928,                 1.2162,             0.00040004,             0.00040004,             0.00040004
                     87,                 1.8014,                 1.1441,                 1.0629,                0.51016,                0.40265,                0.40671,                0.18487,                 2.2134,                 1.6474,                 1.2087,             0.00039821,             0.00039821,             0.00039821
                     88,                 1.8042,                 1.1509,                 1.0537,                0.51769,                0.47213,                0.44112,                0.19177,                 2.2162,                 1.5844,                 1.2196,             0.00039637,             0.00039637,             0.00039637
                     89,                 1.7962,                 1.1353,                 1.0578,                0.60783,                0.42397,                0.42324,                0.19447,                 2.2031,                 1.5884,                 1.2101,             0.00039454,             0.00039454,             0.00039454
                     90,                 1.8227,                 1.1552,                 1.0589,                0.58261,                0.44876,                0.41474,                0.18191,                 2.2024,                 1.5835,                 1.2061,              0.0003927,              0.0003927,              0.0003927
                     91,                 1.7922,                 1.1261,                 1.0477,                0.69869,                0.42074,                0.45808,                0.20375,                 2.2256,                 1.5919,                 1.2218,             0.00039087,             0.00039087,             0.00039087
                     92,                 1.8136,                  1.128,                 1.0478,                0.61334,                0.43257,                0.46012,                0.20412,                 2.1934,                   1.57,                 1.2161,             0.00038903,             0.00038903,             0.00038903
                     93,                 1.7896,                 1.1212,                 1.0649,                0.58559,                 0.4219,                0.44203,                0.19513,                 2.2169,                 1.5446,                 1.2227,              0.0003872,              0.0003872,              0.0003872
                     94,                 1.7646,                 1.0939,                 1.0537,                0.47855,                0.44674,                0.43548,                0.19525,                 2.2137,                 1.5926,                 1.2098,             0.00038536,             0.00038536,             0.00038536
                     95,                 1.7622,                 1.1026,                 1.0399,                 0.5632,                0.48117,                0.43506,                0.19966,                 2.2218,                 1.5183,                 1.2182,             0.00038353,             0.00038353,             0.00038353
                     96,                 1.7667,                 1.0884,                  1.053,                0.55786,                0.43223,                0.42521,                 0.1927,                 2.2085,                  1.556,                 1.2143,             0.00038169,             0.00038169,             0.00038169
                     97,                 1.7857,                 1.1192,                  1.046,                0.59921,                0.42842,                0.42263,                 0.1988,                 2.2423,                 1.5982,                 1.2286,             0.00037986,             0.00037986,             0.00037986
                     98,                 1.7506,                 1.0768,                 1.0422,                0.55933,                0.36372,                0.42423,                0.18913,                 2.2189,                 1.5597,                 1.2182,             0.00037802,             0.00037802,             0.00037802
                     99,                 1.7711,                  1.086,                 1.0355,                0.44984,                0.39684,                0.41342,                0.17783,                 2.2659,                 1.6448,                 1.2368,             0.00037619,             0.00037619,             0.00037619
                    100,                   1.75,                 1.0767,                  1.046,                0.56024,                0.38733,                0.38389,                0.16174,                 2.2342,                 1.5841,                 1.2222,             0.00037435,             0.00037435,             0.00037435
                    101,                 1.7402,                 1.0729,                 1.0371,                0.55634,                0.42703,                 0.4027,                0.18443,                 2.2265,                 1.5729,                 1.2273,             0.00037252,             0.00037252,             0.00037252
                    102,                  1.773,                 1.0817,                  1.044,                0.37451,                 0.4467,                0.39676,                 0.1838,                 2.2817,                  1.564,                  1.247,             0.00037069,             0.00037069,             0.00037069
                    103,                 1.7591,                 1.0802,                 1.0348,                0.47731,                0.41988,                0.42392,                0.19923,                 2.2643,                  1.614,                 1.2294,             0.00036885,             0.00036885,             0.00036885
                    104,                 1.7647,                 1.0814,                 1.0364,                0.59634,                0.42745,                0.42322,                0.19429,                 2.2364,                 1.5738,                 1.2275,             0.00036702,             0.00036702,             0.00036702
                    105,                 1.7552,                  1.072,                 1.0366,                0.58276,                0.43501,                0.40642,                0.18404,                 2.2551,                 1.5379,                 1.2409,             0.00036518,             0.00036518,             0.00036518
                    106,                 1.7333,                 1.0485,                 1.0363,                0.50988,                0.44065,                  0.409,                0.18081,                 2.2521,                 1.6022,                 1.2346,             0.00036335,             0.00036335,             0.00036335
                    107,                 1.7075,                 1.0517,                 1.0328,                0.49592,                0.42429,                0.42063,                0.18934,                 2.2323,                 1.6502,                 1.2175,             0.00036151,             0.00036151,             0.00036151
                    108,                 1.7436,                 1.0557,                 1.0297,                0.47581,                 0.3947,                0.38955,                0.18207,                 2.2576,                 1.5635,                 1.2407,             0.00035968,             0.00035968,             0.00035968
                    109,                  1.732,                 1.0619,                 1.0425,                0.66562,                 0.3677,                0.41053,                0.19528,                 2.2391,                 1.5372,                  1.228,             0.00035784,             0.00035784,             0.00035784
                    110,                 1.7438,                 1.0499,                 1.0367,                0.52552,                0.38416,                0.37755,                0.17316,                 2.2628,                 1.5235,                 1.2532,             0.00035601,             0.00035601,             0.00035601
                    111,                 1.7366,                 1.0473,                 1.0362,                 0.4819,                0.43584,                0.40361,                0.18283,                 2.2876,                 1.5622,                  1.256,             0.00035417,             0.00035417,             0.00035417
                    112,                 1.7336,                 1.0494,                 1.0384,                0.37896,                0.43964,                0.41559,                0.18112,                 2.3073,                 1.5925,                 1.2552,             0.00035234,             0.00035234,             0.00035234
                    113,                 1.7403,                  1.053,                 1.0284,                0.45845,                0.42568,                0.39596,                0.17564,                 2.2807,                 1.6112,                 1.2518,              0.0003505,              0.0003505,              0.0003505
                    114,                 1.7074,                  1.029,                 1.0319,                0.46883,                0.45743,                0.44011,                0.19553,                   2.27,                 1.5275,                 1.2482,             0.00034867,             0.00034867,             0.00034867
                    115,                 1.7195,                 1.0221,                 1.0261,                0.65335,                0.37604,                0.39199,                0.16777,                 2.2901,                 1.5507,                 1.2454,             0.00034683,             0.00034683,             0.00034683
                    116,                 1.6897,                  1.028,                 1.0266,                0.43242,                0.44442,                0.40198,                0.17914,                 2.2651,                 1.5865,                 1.2349,               0.000345,               0.000345,               0.000345
                    117,                 1.7216,                 1.0473,                 1.0332,                0.64199,                0.43762,                0.41056,                0.17131,                 2.2693,                 1.5632,                 1.2414,             0.00034316,             0.00034316,             0.00034316
                    118,                 1.6997,                 1.0163,                 1.0166,                0.59206,                0.39659,                0.40948,                 0.1783,                 2.2639,                 1.5766,                 1.2422,             0.00034133,             0.00034133,             0.00034133
                    119,                 1.7093,                 1.0122,                 1.0184,                0.46802,                0.43099,                0.40341,                0.17626,                 2.2688,                 1.5568,                 1.2449,             0.00033949,             0.00033949,             0.00033949
                    120,                 1.6799,                 1.0097,                 1.0301,                0.41534,                0.40875,                0.41362,                0.18038,                 2.2689,                 1.5477,                 1.2475,             0.00033766,             0.00033766,             0.00033766
                    121,                 1.7261,                 1.0317,                 1.0206,                0.44369,                0.47615,                0.40345,                0.16049,                 2.2919,                 1.5843,                 1.2561,             0.00033582,             0.00033582,             0.00033582
                    122,                 1.6918,                 1.0013,                 1.0283,                0.54392,                0.41638,                0.41254,                0.18485,                 2.2612,                 1.5678,                 1.2397,             0.00033399,             0.00033399,             0.00033399
                    123,                 1.6954,                 1.0011,                 1.0153,                0.44083,                 0.4456,                0.40401,                0.17434,                 2.2928,                 1.5683,                 1.2588,             0.00033215,             0.00033215,             0.00033215
                    124,                 1.6747,                 0.9967,                 1.0165,                 0.5111,                0.49009,                0.38823,                0.17711,                 2.2939,                 1.5928,                 1.2561,             0.00033032,             0.00033032,             0.00033032
                    125,                 1.6775,                0.99026,                 1.0244,                0.54918,                0.48667,                0.42345,                0.19526,                 2.2671,                 1.5579,                 1.2366,             0.00032848,             0.00032848,             0.00032848
                    126,                 1.7069,                 1.0061,                 1.0181,                0.59975,                0.37961,                0.40669,                0.19706,                 2.2642,                 1.5565,                 1.2358,             0.00032665,             0.00032665,             0.00032665
                    127,                 1.6887,                 1.0077,                  1.023,                0.51225,                0.40643,                0.41452,                0.19437,                 2.2451,                 1.5618,                 1.2334,             0.00032482,             0.00032482,             0.00032482
                    128,                 1.6841,                 1.0073,                 1.0106,                0.58712,                0.42331,                0.40769,                0.18493,                 2.2828,                 1.5615,                 1.2643,             0.00032298,             0.00032298,             0.00032298
                    129,                 1.6547,                0.98289,                 1.0196,                0.59283,                0.44027,                0.41717,                0.19134,                 2.2851,                 1.5247,                 1.2576,             0.00032115,             0.00032115,             0.00032115
                    130,                 1.6644,                  0.981,                 1.0126,                0.58276,                0.45852,                0.40859,                0.17059,                 2.2958,                 1.5833,                 1.2585,             0.00031931,             0.00031931,             0.00031931
                    131,                 1.6607,                0.97527,                 1.0131,                0.52251,                0.44484,                0.39336,                0.17511,                 2.2504,                 1.5514,                 1.2551,             0.00031748,             0.00031748,             0.00031748
                    132,                 1.6443,                0.94837,                   1.01,                0.62002,                0.43103,                 0.4027,                0.17581,                 2.2695,                 1.5723,                 1.2468,             0.00031564,             0.00031564,             0.00031564
                    133,                 1.6575,                0.96682,                 1.0114,                0.56298,                0.42993,                0.42598,                0.19621,                 2.2775,                 1.5393,                 1.2665,             0.00031381,             0.00031381,             0.00031381
                    134,                 1.6513,                0.97289,                 1.0153,                0.55637,                0.40168,                0.40282,                0.18858,                 2.3187,                 1.5701,                 1.2727,             0.00031197,             0.00031197,             0.00031197
                    135,                 1.6542,                0.95585,                 1.0118,                0.53682,                0.36901,                0.38795,                 0.1836,                 2.3311,                 1.6007,                 1.2876,             0.00031014,             0.00031014,             0.00031014
                    136,                 1.6479,                0.96144,                 1.0151,                0.46526,                0.39724,                 0.3863,                0.17692,                 2.2712,                 1.5635,                 1.2553,              0.0003083,              0.0003083,              0.0003083
                    137,                 1.6723,                0.98286,                 1.0086,                0.39464,                0.47267,                0.39408,                 0.1825,                 2.3311,                   1.59,                 1.2842,             0.00030647,             0.00030647,             0.00030647
